id,value
NGI,
NGI.Trustworthy information,
NGI.Trustworthy information.content crisis,
NGI.Trustworthy information.musk tweet,
NGI.Trustworthy information.fake news,
NGI.Trustworthy information.disinformation,
NGI.Trustworthy information.conspiracy theories,
NGI.Trustworthy information.political ads,
NGI.Trustworthy information.infowars,
NGI.Trustworthy information.fact-checking,
NGI.Trustworthy information.fake account,
NGI.Trustworthy information.anti-vaccine,
NGI.Trustworthy information.disinformation campaigns,
NGI.Trustworthy information.false information,
NGI.Trustworthy information.russian troll,
NGI.Trustworthy information.russian interference,
NGI.Trustworthy information.deep fake,
NGI.Trustworthy information.troll farm,
NGI.Trustworthy information.election meddling,
NGI.Trustworthy information.influence campaign,
NGI.Trustworthy information.content moderation,
NGI.Trustworthy information.ad transparency,
NGI.Trustworthy information.online disinformation,
NGI.Trustworthy information.spread disinformation,
NGI.Trustworthy information.censored search,
NGI.Trustworthy information.censorship,
NGI.Data Sovereignty,
NGI.Data Sovereignty.cybersecurity,
NGI.Data Sovereignty.privacy,
NGI.Data Sovereignty.cambridge analytica,
NGI.Data Sovereignty.gdpr,
NGI.Data Sovereignty.facial recognition,
NGI.Data Sovereignty.data breach,
NGI.Data Sovereignty.user data,
NGI.Data Sovereignty.equifax,
NGI.Data Sovereignty.health record,
NGI.Data Sovereignty.data brokers,
NGI.Data Sovereignty.privacy settings,
NGI.Data Sovereignty.privacy scandal,
NGI.Data Sovereignty.cybersecurity standards,
NGI.Data Sovereignty.surveillance capitalism,
NGI.Data Sovereignty.privacy standard,
NGI.Data Sovereignty.duckduckgo,
NGI.Data Sovereignty.gdpr compliance,
NGI.Data Sovereignty.location data,
NGI.Data Sovereignty.privacy regulation,
NGI.Data Sovereignty.location history,
NGI.Data Sovereignty.privacy violation,
NGI.Data Sovereignty.surveillance system,
NGI.Data Sovereignty.onavo,
NGI.Data Sovereignty.privacy-focus,
NGI.Data Sovereignty.facebook user,
NGI.Data Sovereignty.facebook data,
NGI.Data Sovereignty.multi-factor authentication,
NGI.Data Sovereignty.aadhaar,
NGI.Data Sovereignty.speech recognition,
NGI.Data Sovereignty.privacy risk,
NGI.Data Sovereignty.differential privacy,
NGI.Data Sovereignty.cloud storage,
NGI.Data Sovereignty.govern data,
NGI.Data Sovereignty.digital citizen,
NGI.Data Sovereignty.cybersecurity law,
NGI.Decentralising Power,
NGI.Decentralising Power.decentralised computing,
NGI.Decentralising Power.crypto,
NGI.Decentralising Power.cryptocurrency,
NGI.Decentralising Power.blockchain,
NGI.Decentralising Power.tech giants,
NGI.Decentralising Power.ico,
NGI.Decentralising Power.tech workers,
NGI.Decentralising Power.blockchain-based,
NGI.Decentralising Power.networking giant,
NGI.Decentralising Power.gafa,
NGI.Decentralising Power.monopolist,
NGI.Decentralising Power.coinhive,
NGI.Decentralising Power.reward based crowdfunding,
NGI.Decentralising Power.hoc network,
NGI.Decentralising Power.distributed ledger,
NGI.Sustainable Internet,
NGI.Sustainable Internet.climate,
NGI.Sustainable Internet.blockchain,
NGI.Sustainable Internet.climate change,
NGI.Sustainable Internet.global warming,
NGI.Sustainable Internet.cryptocurrency mining,
NGI.Sustainable Internet.circular economy,
NGI.Sustainable Internet.greenhouse gas,
NGI.Sustainable Internet.paris agreement,
NGI.Sustainable Internet.ipcc,
NGI.Safer Online Environment,
NGI.Safer Online Environment.health,
NGI.Safer Online Environment.mental health,
NGI.Safer Online Environment.#metoo,
NGI.Safer Online Environment.sexual harassment,
NGI.Safer Online Environment.hate speech,
NGI.Safer Online Environment.white supremacist,
NGI.Safer Online Environment.anti-semitic,
NGI.Safer Online Environment.sexual misconduct,
NGI.Safer Online Environment.terrorist content,
NGI.Safer Online Environment.child abuse,
NGI.Safer Online Environment.sex trafficking,
NGI.Safer Online Environment.momo challenge,
NGI.Safer Online Environment.online terrorist,
NGI.Safer Online Environment.harmful content,
NGI.Safer Online Environment.hate content,
NGI.Inclusive Internet,
NGI.Inclusive Internet.democracy,
NGI.Inclusive Internet.5g networks,
NGI.Inclusive Internet.voice assistant,
NGI.Inclusive Internet.edge devices,
NGI.Inclusive Internet.media literacy,
NGI.Inclusive Internet.netizen,
NGI.Inclusive Internet.5g infrastructure,
NGI.Ethics in the Internet,
NGI.Ethics in the Internet.project dragonfly,
NGI.Ethics in the Internet.killer robots,
NGI.Ethics in the Internet.autonomous weapons,
NGI.Ethics in the Internet.misty robotics,
NGI.Ethics in the Internet.aibo,
NGI.Ethics in the Internet.AI ethics,
NGI.Ethics in the Internet.AI ethics,
NGI.Ethics in the Internet.Ai ml,
NGI.Ethics in the Internet.blackbox,
NGI.Ethics in the Internet.project maven,
NGI.Ethics in the Internet.full self-driving,
NGI.Ethics in the Internet.c-v2x,
NGI.Ethics in the Internet.cryptocurrency mining,
NGI.Ethics in the Internet.facecoin,
NGI.Ethics in the Internet.smart speakers,
NGI.Ethics in the Internet.face id,
NGI.Ethics in the Internet.screen time,
NGI.Ethics in the Internet.algorithm governance,
NGI.Ethics in the Internet.algorithmic decision making,
NGI.European Ecosystems,
NGI.European Ecosystems.digital tax,
NGI.European Ecosystems.market power,
NGI.European Ecosystems.fine google,
NGI.European Ecosystems.tech policy,
NGI.European Ecosystems.competition policy,
NGI.European Ecosystems.paid prioritization,
NGI.European Ecosystems.digital taxation,
NGI.European Ecosystems.neutrality law,
NGI.European Ecosystems.neutrality repeal,
NGI.European Ecosystems.competition,
NGI.European Ecosystems.Huawei equipment,
NGI.European Ecosystems.serverless computing,
NGI.European Ecosystems.multicloud,
NGI.European Ecosystems.AR/VR,
NGI.European Ecosystems.wireless charging,
NGI.European Ecosystems.quantum technology,
NGI.European Ecosystems.qubits,
